account_id,customer_id,account_type,branch_id,open_date,close_date,currency,current_balance,account_status
ACC-00000001,CUST-00003785,Checking,BR-00000030,2023-02-07,,USD,10271.43,Frozen
ACC-00000002,CUST-00001999,Savings,BR-00000009,2020-02-18,,USD,13293.67,Active
ACC-00000003,CUST-00003664,Premium Savings,BR-00000006,2020-07-05,,USD,5482.58,Frozen
ACC-00000004,CUST-00004198,Business,BR-00000047,2022-12-23,,CAD,3608.66,Active
ACC-00000005,CUST-00003502,Savings,BR-00000006,2021-03-11,,USD,6310.43,Active
ACC-00000006,CUST-00004706,Business,BR-00000023,2023-03-12,,USD,7186.03,Active
ACC-00000007,CUST-00000382,Business,BR-00000050,2021-07-19,,USD,19937.89,Active
ACC-00000008,CUST-00001622,Savings,BR-00000044,2020-04-22,,USD,8545.71,Active
ACC-00000009,CUST-00000297,Student,BR-00000042,2021-10-17,,USD,575.22,Active
ACC-00000010,CUST-00000863,Savings,BR-00000037,2023-09-24,,USD,9962.01,Active
ACC-00000011,CUST-00001869,Business,BR-00000024,2024-01-19,,USD,2761.07,Active
ACC-00000012,CUST-00000118,Checking,BR-00000015,2021-11-25,,USD,2107.0,Active
ACC-00000013,CUST-00001981,Savings,BR-00000045,2022-09-07,,USD,25892.54,Active
ACC-00000014,CUST-00000637,Checking,BR-00000029,2023-03-03,,EUR,1714.66,Active
ACC-00000015,CUST-00000567,Checking,BR-00000020,2021-09-07,,USD,44721.54,Active
ACC-00000016,CUST-00004179,Savings,BR-00000049,2022-11-12,,USD,7361.69,Active
ACC-00000017,CUST-00003721,Premium Savings,BR-00000019,2023-08-03,2024-03-28,USD,34218.25,Closed
ACC-00000018,CUST-00002279,Business,BR-00000002,2023-04-14,,USD,7525.47,Active
ACC-00000019,CUST-00002837,Checking,BR-00000031,2022-04-15,,EUR,7932.53,Active
ACC-00000020,CUST-00001459,Checking,BR-00000022,2020-02-03,,USD,14276.12,Active
ACC-00000021,CUST-00002429,Checking,BR-00000032,2022-11-29,,USD,5376.22,Active
ACC-00000022,CUST-00003879,Checking,BR-00000032,2022-08-22,,USD,29090.5,Active
ACC-00000023,CUST-00002608,Checking,BR-00000032,2021-12-14,,USD,6920.85,Active
ACC-00000024,CUST-00003968,Checking,BR-00000017,2021-04-21,,USD,1806.88,Active
ACC-00000025,CUST-00002424,Checking,BR-00000013,2021-11-29,,USD,9402.91,Active
ACC-00000026,CUST-00001811,Checking,BR-00000016,2021-07-17,,EUR,26279.85,Active
ACC-00000027,CUST-00004475,Checking,BR-00000049,2020-08-01,,USD,2820.67,Active
ACC-00000028,CUST-00004507,Student,BR-00000038,2020-07-22,,USD,1773.19,Active
ACC-00000029,CUST-00001144,Premium Savings,BR-00000020,2021-05-09,,USD,1440.43,Active
ACC-00000030,CUST-00002316,Business,BR-00000046,2022-05-06,,USD,1419.15,Active
ACC-00000031,CUST-00003863,Checking,BR-00000039,2020-01-30,,USD,8442.91,Active
ACC-00000032,CUST-00001307,Checking,BR-00000027,2022-12-18,,GBP,4296.16,Active
ACC-00000033,CUST-00003745,Savings,BR-00000041,2020-02-10,,USD,12840.3,Active
ACC-00000034,CUST-00004499,Business,BR-00000048,2020-12-31,,USD,1427.03,Active
ACC-00000035,CUST-00001180,Savings,BR-00000029,2023-10-04,,USD,3592.18,Active
ACC-00000036,CUST-00000765,Business,BR-00000006,2020-08-22,,USD,5861.43,Inactive
ACC-00000037,CUST-00004724,Savings,BR-00000022,2020-12-29,,USD,6728.77,Active
ACC-00000038,CUST-00004980,Premium Savings,BR-00000012,2023-11-28,,GBP,8642.26,Active
ACC-00000039,CUST-00004293,Business,BR-00000035,2020-04-16,,USD,31733.21,Active
ACC-00000040,CUST-00003067,Checking,BR-00000005,2020-12-29,,USD,7282.58,Active
ACC-00000041,CUST-00000428,Checking,BR-00000024,2022-04-12,,USD,2254.93,Active
ACC-00000042,CUST-00004577,Savings,BR-00000022,2021-05-07,,USD,1111.19,Active
ACC-00000043,CUST-00000995,Checking,BR-00000020,2022-06-01,,USD,942.79,Active
ACC-00000044,CUST-00000895,Savings,BR-00000032,2023-08-15,,CAD,3403.68,Active
ACC-00000045,CUST-00003586,Savings,BR-00000028,2021-11-16,,GBP,5325.54,Active
ACC-00000046,CUST-00001946,Savings,BR-00000011,2021-09-19,,USD,31945.97,Inactive
ACC-00000047,CUST-00004339,Student,BR-00000041,2021-04-07,,USD,15915.75,Inactive
ACC-00000048,CUST-00004367,Checking,BR-00000023,2021-05-11,,USD,3082.84,Inactive
ACC-00000049,CUST-00004027,Premium Savings,BR-00000008,2022-05-15,,EUR,1284.77,Active
ACC-00000050,CUST-00004186,Checking,BR-00000035,2020-04-14,,USD,3028.57,Active
ACC-00000051,CUST-00002730,Premium Savings,BR-00000020,2020-08-06,,USD,1672.53,Active
ACC-00000052,CUST-00004360,Checking,BR-00000032,2023-03-28,,USD,5842.37,Active
ACC-00000053,CUST-00004577,Savings,BR-00000038,2021-10-23,,GBP,330.04,Active
ACC-00000054,CUST-00001403,Premium Savings,BR-00000032,2023-01-08,,USD,39241.45,Active
ACC-00000055,CUST-00002127,Checking,BR-00000048,2023-07-04,2024-12-22,USD,3572.84,Closed
ACC-00000056,CUST-00003089,Student,BR-00000031,2021-02-12,,USD,476.07,Active
ACC-00000057,CUST-00004297,Savings,BR-00000020,2021-07-20,,USD,15045.68,Active
ACC-00000058,CUST-00001948,Savings,BR-00000050,2022-07-02,,USD,811.0,Active
ACC-00000059,CUST-00001301,Savings,BR-00000026,2022-11-08,,USD,9619.57,Active
ACC-00000060,CUST-00001604,Checking,BR-00000036,2020-03-27,,USD,18589.67,Active
ACC-00000061,CUST-00003998,Savings,BR-00000017,2022-04-27,,USD,31777.85,Active
ACC-00000062,CUST-00002601,Checking,BR-00000046,2020-12-14,,USD,360.1,Active
ACC-00000063,CUST-00001275,Business,BR-00000047,2021-11-12,,USD,42336.05,Inactive
ACC-00000064,CUST-00003576,Savings,BR-00000048,2023-05-01,,CAD,2432.66,Active
ACC-00000065,CUST-00003301,Checking,BR-00000020,2020-08-22,,USD,4097.77,Active
ACC-00000066,CUST-00002593,Checking,BR-00000043,2023-11-22,,USD,2606.48,Active
ACC-00000067,CUST-00003099,Savings,BR-00000034,2021-05-25,,USD,2583.35,Inactive
ACC-00000068,CUST-00001153,Checking,BR-00000005,2023-03-02,,USD,11671.98,Active
ACC-00000069,CUST-00000914,Savings,BR-00000046,2020-09-30,,GBP,3407.45,Active
ACC-00000070,CUST-00004038,Premium Savings,BR-00000027,2022-12-16,,USD,1850.33,Active
ACC-00000071,CUST-00003401,Checking,BR-00000027,2023-06-14,,USD,1552.86,Inactive
ACC-00000072,CUST-00004889,Savings,BR-00000020,2022-09-27,,USD,796.71,Active
ACC-00000073,CUST-00004695,Premium Savings,BR-00000043,2023-10-29,,USD,966.67,Inactive
ACC-00000074,CUST-00001815,Premium Savings,BR-00000005,2020-04-20,,USD,3350.48,Active
ACC-00000075,CUST-00002313,Checking,BR-00000020,2023-10-06,,EUR,9143.68,Active
ACC-00000076,CUST-00004247,Business,BR-00000029,2022-04-12,,USD,1648.41,Active
ACC-00000077,CUST-00000017,Checking,BR-00000010,2021-01-09,,USD,10886.22,Active
ACC-00000078,CUST-00004320,Business,BR-00000011,2022-10-07,,USD,2009.8,Active
ACC-00000079,CUST-00000839,Checking,BR-00000031,2022-01-01,,USD,7347.63,Active
ACC-00000080,CUST-00001303,Checking,BR-00000030,2023-02-18,,USD,1289.89,Active
ACC-00000081,CUST-00002410,Savings,BR-00000041,2022-12-31,,GBP,3163.67,Active
ACC-00000082,CUST-00003527,Checking,BR-00000041,2022-12-02,,USD,903.95,Active
ACC-00000083,CUST-00001770,Savings,BR-00000001,2023-06-15,,GBP,2245.37,Active
ACC-00000084,CUST-00004693,Checking,BR-00000020,2021-05-09,,USD,39545.03,Active
ACC-00000085,CUST-00003915,Premium Savings,BR-00000043,2020-12-11,,USD,4500.12,Active
ACC-00000086,CUST-00003700,Savings,BR-00000048,2022-05-19,,USD,13478.02,Active
ACC-00000087,CUST-00003863,Savings,BR-00000005,2020-12-14,,USD,7240.56,Active
ACC-00000088,CUST-00000151,Checking,BR-00000039,2023-04-26,,USD,713.0,Active
ACC-00000089,CUST-00004115,Premium Savings,BR-00000012,2023-09-30,,GBP,2874.23,Active
ACC-00000090,CUST-00003023,Savings,BR-00000041,2022-01-13,,USD,12255.92,Active
ACC-00000091,CUST-00000932,Checking,BR-00000023,2023-03-31,,USD,5374.06,Active
ACC-00000092,CUST-00003893,Savings,BR-00000006,2021-09-10,,USD,10985.52,Active
ACC-00000093,CUST-00000529,Checking,BR-00000011,2023-08-09,,USD,8444.5,Active
ACC-00000094,CUST-00003091,Checking,BR-00000048,2020-05-15,,USD,245.64,Active
ACC-00000095,CUST-00002847,Checking,BR-00000039,2024-01-16,,USD,724.44,Active
ACC-00000096,CUST-00000144,Savings,BR-00000002,2022-03-31,,USD,13635.33,Active
ACC-00000097,CUST-00001874,Checking,BR-00000048,2023-12-08,,USD,1760.33,Frozen
ACC-00000098,CUST-00000601,Business,BR-00000043,2022-11-28,,USD,6999.59,Active
ACC-00000099,CUST-00004733,Checking,BR-00000028,2022-12-29,,USD,850.89,Active
ACC-00000100,CUST-00004009,Checking,BR-00000002,2021-06-15,,USD,1294.78,Active
