transaction_id,account_id,customer_id,transaction_timestamp,transaction_type,amount,currency,channel,merchant_id,branch_id,transaction_status,reference_type,is_injected_anomaly,anomaly_type,updated_at
TXN-0000000001,ACC-00000663,CUST-00001604,2023-01-01 02:48:14,Deposit,116.65,USD,Mobile App,,,Completed,standard,false,,2023-01-01 02:48:14
TXN-0000000002,ACC-00003352,CUST-00001813,2023-01-01 03:36:08,Deposit,109.2,USD,Internet Banking,,,Completed,standard,false,,2023-01-01 03:36:08
TXN-0000000003,ACC-00004770,CUST-00001531,2023-01-01 03:56:54,Payment,119.12,USD,ATM,,BR-00000016,Completed,standard,false,,2023-01-01 03:56:54
TXN-0000000004,ACC-00002486,CUST-00001718,2023-01-01 06:05:09,Withdrawal,66.07,USD,ATM,,BR-00000020,Pending,standard,false,,2023-01-01 06:05:09
TXN-0000000005,ACC-00001687,CUST-00003205,2023-01-01 06:41:45,Refund,60.27,EUR,ATM,,BR-00000042,Completed,standard,false,,2023-01-01 06:41:45
TXN-0000000006,ACC-00000555,CUST-00004985,2023-01-01 06:51:07,Bill Payment,2768.11,USD,Mobile App,MERCH-00000540,,Completed,standard,false,,2023-01-01 06:51:07
TXN-0000000007,ACC-00003627,CUST-00000577,2023-01-01 07:00:18,Withdrawal,475.44,USD,ATM,,BR-00000019,Completed,standard,false,,2023-01-01 07:00:18
TXN-0000000008,ACC-00002460,CUST-00003393,2023-01-01 07:59:00,Payment,40.17,USD,Online,MERCH-00000385,,Completed,standard,false,,2023-01-01 07:59:00
TXN-0000000009,ACC-00000188,CUST-00000254,2023-01-01 08:08:27,Deposit,91.16,USD,POS,,,Completed,standard,false,,2023-01-01 08:08:27
TXN-0000000010,ACC-00004061,CUST-00004619,2023-01-01 08:16:18,Deposit,639.14,USD,ATM,,BR-00000022,Completed,standard,false,,2023-01-01 08:16:18
TXN-0000000011,ACC-00004824,CUST-00000844,2023-01-01 08:18:45,Transfer,12739.71,USD,Mobile App,,BR-00000003,Completed,standard,false,,2023-01-01 08:18:45
TXN-0000000012,ACC-00007183,CUST-00004404,2023-01-01 08:27:45,Payment,68.66,USD,Branch,,BR-00000037,Pending,standard,false,,2023-01-01 08:27:45
TXN-0000000013,ACC-00003404,CUST-00002411,2023-01-01 08:27:46,Bill Payment,107.34,USD,ATM,,BR-00000026,Pending,standard,false,,2023-01-01 08:27:46
TXN-0000000014,ACC-00002706,CUST-00001809,2023-01-01 09:01:46,Deposit,42150.76,USD,Mobile App,,BR-00000026,Completed,standard,false,,2023-01-01 09:01:46
TXN-0000000015,ACC-00001208,CUST-00004802,2023-01-01 09:04:27,Bill Payment,126.71,USD,Mobile App,MERCH-00000756,,Completed,standard,false,,2023-01-01 09:04:27
TXN-0000000016,ACC-00005493,CUST-00002127,2023-01-01 10:35:45,Withdrawal,407.01,USD,POS,,,Completed,standard,false,,2023-01-01 10:35:45
TXN-0000000017,ACC-00000044,CUST-00000895,2023-01-01 11:25:40,Deposit,44.87,CAD,Mobile App,,,Completed,standard,false,,2023-01-01 11:25:40
TXN-0000000018,ACC-00006959,CUST-00004021,2023-01-01 11:36:10,Payment,94.66,USD,Internet Banking,,,Completed,standard,false,,2023-01-01 11:36:10
TXN-0000000019,ACC-00001799,CUST-00000523,2023-01-01 12:11:35,Bill Payment,45.7,USD,Mobile App,MERCH-00000021,,Completed,standard,false,,2023-01-01 12:11:35
TXN-0000000020,ACC-00000945,CUST-00000579,2023-01-01 12:38:38,Deposit,1537.36,GBP,Internet Banking,,,Completed,standard,false,,2023-01-01 12:38:38
TXN-0000000021,ACC-00004194,CUST-00000442,2023-01-01 13:09:00,Payment,112.62,USD,Mobile App,MERCH-00000002,,Completed,standard,false,,2023-01-01 13:09:00
TXN-0000000022,ACC-00004552,CUST-00002638,2023-01-01 13:17:53,Payment,292.16,USD,ATM,,BR-00000005,Completed,standard,false,,2023-01-01 13:17:53
TXN-0000000023,ACC-00004661,CUST-00002962,2023-01-01 13:22:56,Withdrawal,118.6,USD,ATM,,BR-00000016,Completed,standard,false,,2023-01-01 13:22:56
TXN-0000000024,ACC-00001723,CUST-00004150,2023-01-01 13:28:49,Transfer,395.35,USD,POS,,BR-00000023,Completed,standard,false,,2023-01-01 13:28:49
TXN-0000000025,ACC-00006157,CUST-00000518,2023-01-01 13:37:46,Withdrawal,66.27,EUR,Mobile App,,,Completed,standard,false,,2023-01-01 13:37:46
TXN-0000000026,ACC-00000500,CUST-00002492,2023-01-01 13:48:43,Payment,270.77,USD,Branch,,BR-00000011,Completed,standard,false,,2023-01-01 13:48:43
TXN-0000000027,ACC-00007396,CUST-00003222,2023-01-01 13:53:07,Payment,44.74,USD,Branch,,BR-00000004,Completed,standard,false,,2023-01-01 13:53:07
TXN-0000000028,ACC-00003565,CUST-00003376,2023-01-01 14:03:14,Payment,159.33,USD,Online,MERCH-00000852,,Completed,standard,false,,2023-01-01 14:03:14
TXN-0000000029,ACC-00001787,CUST-00004076,2023-01-01 15:56:20,Deposit,1013.78,USD,Mobile App,,,Completed,standard,false,,2023-01-01 15:56:20
TXN-0000000030,ACC-00004500,CUST-00004040,2023-01-01 15:57:53,Withdrawal,78.14,USD,Mobile App,,,Completed,standard,false,,2023-01-01 15:57:53
TXN-0000000031,ACC-00002967,CUST-00004484,2023-01-01 16:29:55,Interest,1.2,USD,Mobile App,,,Completed,standard,false,,2023-01-01 16:29:55
TXN-0000000032,ACC-00000700,CUST-00001057,2023-01-01 16:58:52,Interest,4.36,USD,Internet Banking,,,Completed,standard,false,,2023-01-01 16:58:52
TXN-0000000033,ACC-00001741,CUST-00000186,2023-01-01 17:19:01,Payment,282.04,USD,POS,MERCH-00000031,,Completed,standard,false,,2023-01-01 17:19:01
TXN-0000000034,ACC-00005272,CUST-00001541,2023-01-01 17:21:40,Refund,127.12,USD,ATM,,BR-00000020,Completed,standard,false,,2023-01-01 17:21:40
TXN-0000000035,ACC-00006000,CUST-00001767,2023-01-01 17:51:23,Bill Payment,316.52,USD,Mobile App,MERCH-00000162,BR-00000013,Completed,standard,false,,2023-01-01 17:51:23
TXN-0000000036,ACC-00003530,CUST-00001837,2023-01-01 17:55:06,Refund,29.37,USD,ATM,,BR-00000032,Completed,standard,false,,2023-01-01 17:55:06
TXN-0000000037,ACC-00004026,CUST-00004217,2023-01-01 18:20:57,Bill Payment,581.25,USD,Branch,,BR-00000011,Completed,standard,false,,2023-01-01 18:20:57
TXN-0000000038,ACC-00003323,CUST-00004022,2023-01-01 18:48:32,Bill Payment,549.89,USD,Internet Banking,,,Completed,standard,false,,2023-01-01 18:48:32
TXN-0000000039,ACC-00001256,CUST-00001746,2023-01-01 18:50:45,Withdrawal,482.64,USD,Branch,,BR-00000023,Completed,standard,false,,2023-01-01 18:50:45
TXN-0000000040,ACC-00003236,CUST-00004473,2023-01-01 19:08:56,Deposit,2134.59,USD,Mobile App,,,Completed,standard,false,,2023-01-01 19:08:56
TXN-0000000041,ACC-00003231,CUST-00003836,2023-01-01 20:24:22,Deposit,850.11,USD,ATM,,BR-00000039,Completed,standard,false,,2023-01-01 20:24:22
TXN-0000000042,ACC-00005556,CUST-00003095,2023-01-01 21:16:28,Deposit,787.73,USD,Branch,,BR-00000017,Completed,standard,false,,2023-01-01 21:16:28
TXN-0000000043,ACC-00000469,CUST-00003525,2023-01-01 21:23:36,Bill Payment,52.22,USD,Mobile App,MERCH-00000829,,Completed,standard,false,,2023-01-01 21:23:36
TXN-0000000044,ACC-00001872,CUST-00000388,2023-01-01 21:34:05,Withdrawal,42.09,USD,Mobile App,,,Completed,standard,false,,2023-01-01 21:34:05
TXN-0000000045,ACC-00004256,CUST-00002606,2023-01-01 22:26:29,Bill Payment,846.31,GBP,Online,MERCH-00000556,,Completed,standard,false,,2023-01-01 22:26:29
TXN-0000000046,ACC-00001633,CUST-00002084,2023-01-01 22:27:51,Bill Payment,308.12,USD,Internet Banking,,,Reversed,standard,false,,2023-01-01 22:27:51
TXN-0000000047,ACC-00003310,CUST-00000894,2023-01-01 22:42:33,Fee,21.35,USD,Mobile App,,,Completed,standard,false,,2023-01-01 22:42:33
TXN-0000000048,ACC-00003688,CUST-00000667,2023-01-01 22:51:10,Payment,92.74,USD,Internet Banking,,,Pending,standard,false,,2023-01-01 22:51:10
TXN-0000000049,ACC-00001188,CUST-00001152,2023-01-01 23:50:52,Interest,18.8,USD,Internet Banking,,BR-00000049,Completed,standard,false,,2023-01-01 23:50:52
TXN-0000000050,ACC-00002345,CUST-00001509,2023-01-01 23:53:26,Bill Payment,433.59,USD,Internet Banking,,BR-00000032,Completed,standard,false,,2023-01-01 23:53:26
TXN-0000000051,ACC-00004410,CUST-00000292,2023-01-02 00:35:20,Deposit,2382.99,USD,Mobile App,,,Completed,standard,false,,2023-01-02 00:35:20
TXN-0000000052,ACC-00005776,CUST-00003137,2023-01-02 01:02:00,Withdrawal,129.52,USD,Mobile App,,,Completed,standard,false,,2023-01-02 01:02:00
TXN-0000000053,ACC-00003539,CUST-00000225,2023-01-02 01:46:20,Bill Payment,269.25,USD,Online,MERCH-00000952,,Completed,standard,false,,2023-01-02 01:46:20
TXN-0000000054,ACC-00000098,CUST-00000601,2023-01-02 03:03:31,Deposit,1078.57,USD,Online,,BR-00000043,Completed,standard,false,,2023-01-02 03:03:31
TXN-0000000055,ACC-00005018,CUST-00004821,2023-01-02 03:54:36,Bill Payment,297.89,USD,ATM,,BR-00000040,Completed,standard,false,,2023-01-02 03:54:36
TXN-0000000056,ACC-00002711,CUST-00000765,2023-01-02 03:55:01,Deposit,1726.66,EUR,ATM,,BR-00000031,Completed,standard,false,,2023-01-02 03:55:01
TXN-0000000057,ACC-00003407,CUST-00003222,2023-01-02 05:09:46,Deposit,285.53,USD,Online,,,Completed,standard,false,,2023-01-02 05:09:46
TXN-0000000058,ACC-00006822,CUST-00001974,2023-01-02 06:07:53,Bill Payment,247.61,USD,POS,MERCH-00000581,BR-00000028,Completed,standard,false,,2023-01-02 06:07:53
TXN-0000000059,ACC-00003143,CUST-00002485,2023-01-02 06:08:55,Transfer,2553.76,USD,Mobile App,,,Pending,standard,false,,2023-01-02 06:08:55
TXN-0000000060,ACC-00006846,CUST-00004233,2023-01-02 06:15:06,Withdrawal,174.58,USD,Mobile App,,,Completed,standard,false,,2023-01-02 06:15:06
TXN-0000000061,ACC-00002037,CUST-00001972,2023-01-02 06:38:13,Payment,25.82,GBP,Mobile App,MERCH-00000332,,Completed,standard,false,,2023-01-02 06:38:13
TXN-0000000062,ACC-00005182,CUST-00000575,2023-01-02 07:13:55,Payment,33.19,USD,ATM,,BR-00000045,Pending,standard,false,,2023-01-02 07:13:55
TXN-0000000063,ACC-00003234,CUST-00000371,2023-01-02 07:15:50,Deposit,164.35,USD,POS,,BR-00000029,Completed,standard,false,,2023-01-02 07:15:50
TXN-0000000064,ACC-00007043,CUST-00004644,2023-01-02 07:45:11,Fee,10.59,GBP,Branch,,BR-00000043,Completed,standard,false,,2023-01-02 07:45:11
TXN-0000000065,ACC-00005543,CUST-00000825,2023-01-02 07:56:19,Bill Payment,202.93,EUR,Mobile App,MERCH-00000082,,Completed,standard,false,,2023-01-02 07:56:19
TXN-0000000066,ACC-00001900,CUST-00002688,2023-01-02 08:05:12,Transfer,1895.34,USD,Mobile App,,BR-00000006,Completed,standard,false,,2023-01-02 08:05:12
TXN-0000000067,ACC-00003412,CUST-00002959,2023-01-02 08:06:13,Deposit,12200.3,USD,Online,,,Completed,standard,false,,2023-01-02 08:06:13
TXN-0000000068,ACC-00006883,CUST-00000140,2023-01-02 08:19:12,Bill Payment,127.25,USD,POS,MERCH-00000687,BR-00000047,Completed,standard,false,,2023-01-02 08:19:12
TXN-0000000069,ACC-00004971,CUST-00003366,2023-01-02 08:20:20,Payment,66.45,EUR,POS,MERCH-00000025,,Completed,standard,false,,2023-01-02 08:20:20
TXN-0000000070,ACC-00006470,CUST-00001811,2023-01-02 08:29:25,Transfer,8596.4,USD,Mobile App,,BR-00000031,Completed,standard,false,,2023-01-02 08:29:25
TXN-0000000071,ACC-00002382,CUST-00003087,2023-01-02 08:35:03,Fee,10.8,USD,POS,,,Completed,standard,false,,2023-01-02 08:35:03
TXN-0000000072,ACC-00005711,CUST-00003601,2023-01-02 08:35:35,Payment,232.7,USD,Mobile App,MERCH-00000715,,Completed,standard,false,,2023-01-02 08:35:35
TXN-0000000073,ACC-00001023,CUST-00003351,2023-01-02 08:46:22,Interest,90.16,USD,POS,,,Completed,standard,false,,2023-01-02 08:46:22
TXN-0000000074,ACC-00006390,CUST-00003422,2023-01-02 08:49:17,Withdrawal,1585.78,USD,Online,,,Completed,standard,false,,2023-01-02 08:49:17
TXN-0000000075,ACC-00004077,CUST-00002757,2023-01-02 09:12:44,Refund,373.03,USD,Branch,,BR-00000015,Completed,standard,false,,2023-01-02 09:12:44
TXN-0000000076,ACC-00000406,CUST-00004464,2023-01-02 09:27:36,Deposit,3838.7,EUR,Mobile App,,,Completed,standard,false,,2023-01-02 09:27:36
TXN-0000000077,ACC-00002019,CUST-00002799,2023-01-02 09:30:28,Deposit,6911.86,USD,ATM,,BR-00000037,Pending,standard,false,,2023-01-02 09:30:28
TXN-0000000078,ACC-00003714,CUST-00000417,2023-01-02 09:38:27,Deposit,5788.16,USD,Internet Banking,,,Completed,standard,false,,2023-01-02 09:38:27
TXN-0000000079,ACC-00003850,CUST-00003408,2023-01-02 09:49:42,Deposit,454.5,USD,Mobile App,,,Completed,standard,false,,2023-01-02 09:49:42
TXN-0000000080,ACC-00005558,CUST-00002425,2023-01-02 09:50:28,Withdrawal,394.87,USD,Internet Banking,,,Completed,standard,false,,2023-01-02 09:50:28
TXN-0000000081,ACC-00004127,CUST-00003049,2023-01-02 09:52:30,Payment,113.4,CAD,POS,MERCH-00000031,,Completed,standard,false,,2023-01-02 09:52:30
TXN-0000000082,ACC-00005891,CUST-00003504,2023-01-02 10:19:03,Withdrawal,895.54,USD,Mobile App,,,Completed,standard,false,,2023-01-02 10:19:03
TXN-0000000083,ACC-00006085,CUST-00000647,2023-01-02 10:31:46,Payment,582.79,EUR,Mobile App,MERCH-00000054,,Completed,standard,false,,2023-01-02 10:31:46
TXN-0000000084,ACC-00004537,CUST-00004811,2023-01-02 10:31:51,Fee,4.22,USD,Mobile App,,,Completed,standard,false,,2023-01-02 10:31:51
TXN-0000000085,ACC-00001614,CUST-00003869,2023-01-02 10:35:38,Withdrawal,228.57,USD,Internet Banking,,,Completed,standard,false,,2023-01-02 10:35:38
TXN-0000000086,ACC-00004897,CUST-00002759,2023-01-02 10:38:31,Bill Payment,58.22,USD,Mobile App,MERCH-00000042,,Completed,standard,false,,2023-01-02 10:38:31
TXN-0000000087,ACC-00003266,CUST-00000055,2023-01-02 11:02:04,Withdrawal,172.89,GBP,POS,,BR-00000028,Completed,standard,false,,2023-01-02 11:02:04
TXN-0000000088,ACC-00000573,CUST-00001257,2023-01-02 11:31:29,Bill Payment,135.53,GBP,Mobile App,MERCH-00000116,,Completed,standard,false,,2023-01-02 11:31:29
TXN-0000000089,ACC-00003562,CUST-00001341,2023-01-02 11:34:26,Payment,73.66,USD,POS,MERCH-00000021,,Completed,standard,false,,2023-01-02 11:34:26
TXN-0000000090,ACC-00006065,CUST-00003330,2023-01-02 11:44:33,Payment,41.74,USD,Mobile App,MERCH-00000304,,Completed,standard,false,,2023-01-02 11:44:33
TXN-0000000091,ACC-00003251,CUST-00001772,2023-01-02 12:06:32,Withdrawal,246.05,USD,Mobile App,,,Completed,standard,false,,2023-01-02 12:06:32
TXN-0000000092,ACC-00002736,CUST-00003082,2023-01-02 12:08:32,Withdrawal,165.54,USD,Mobile App,,,Completed,standard,false,,2023-01-02 12:08:32
TXN-0000000093,ACC-00001455,CUST-00003704,2023-01-02 12:26:02,Withdrawal,251.98,USD,ATM,,BR-00000004,Completed,standard,false,,2023-01-02 12:26:02
TXN-0000000094,ACC-00004151,CUST-00004854,2023-01-02 12:26:04,Deposit,118.7,USD,Mobile App,,BR-00000046,Completed,standard,false,,2023-01-02 12:26:04
TXN-0000000095,ACC-00001913,CUST-00001481,2023-01-02 12:28:56,Bill Payment,138.46,USD,Mobile App,MERCH-00000246,,Completed,standard,false,,2023-01-02 12:28:56
TXN-0000000096,ACC-00004634,CUST-00004828,2023-01-02 12:38:44,Payment,45.29,USD,ATM,,BR-00000032,Completed,standard,false,,2023-01-02 12:38:44
TXN-0000000097,ACC-00000045,CUST-00003586,2023-01-02 12:45:06,Payment,114.12,GBP,Branch,,BR-00000039,Completed,standard,false,,2023-01-02 12:45:06
TXN-0000000098,ACC-00002704,CUST-00004451,2023-01-02 12:46:04,Withdrawal,257.44,USD,ATM,,BR-00000046,Completed,standard,false,,2023-01-02 12:46:04
TXN-0000000099,ACC-00005698,CUST-00004896,2023-01-02 12:49:50,Interest,4.72,USD,Internet Banking,,,Completed,standard,false,,2023-01-02 12:49:50
TXN-0000000100,ACC-00000214,CUST-00003707,2023-01-02 12:51:08,Deposit,516.1,USD,POS,,,Completed,standard,false,,2023-01-02 12:51:08
